<?xml version="1.0" encoding="UTF-8"?>
<project-private xmlns="http://www.netbeans.org/ns/project-private/1">
    <editor-bookmarks xmlns="http://www.netbeans.org/ns/editor-bookmarks/2" lastBookmarkId="0"/>
    <open-files xmlns="http://www.netbeans.org/ns/projectui-open-files/2">
        <group>
            <file>file:/C:/Users/Dell/Desktop/Information%20Retrieval/K173900%20SECTION%20A%20GR1/Hussain%20Ghazali/dataset/QueryList.txt</file>
            <file>file:/C:/Users/Dell/Desktop/Information%20Retrieval/K173900%20SECTION%20A%20GR1/Hussain%20Ghazali/src/guiBooleanModel/BooleanModel.java</file>
            <file>file:/C:/Users/Dell/Desktop/Information%20Retrieval/K173900%20SECTION%20A%20GR1/Hussain%20Ghazali/src/guiBooleanModel/QueryHandler.java</file>
        </group>
    </open-files>
</project-private>
